"","Algo","MSE","MSE_10_8","Relative_MSE","Rsq","RE","MAE"
"1","I(P(Y>0)>=0.5) * (S1: SL.ranger_All + S2: SL.rf.caret1_All)",219133288.852284,2.19133288852284,0.975900621645351,0.143188572627581,1.17338787866439,5943.52227396076
"2","S1: SL.ranger_All + S2: SL.rf.caret1_All",219149074.022077,2.19149074022077,0.975970920216116,0.143126852594389,1.17288210130039,6003.82550558591
"3","I(P(Y>0)>=0.25) * (S1: SL.ranger_All + S2: SL.rf.caret1_All)",219150770.914547,2.19150770914547,0.975978477253319,0.143120217742756,1.17282773065936,5997.4947896914
"4","Single: SL.rf.caret1_All",219217386.918414,2.19217386918414,0.976275148744568,0.142859749086175,1.17069326728148,6048.31773658335
"5","S1: SL.xgboost_All + S2: SL.rf.caret1_All",219356812.92207,2.1935681292207,0.976896076419928,0.142314593241389,1.166225876843,6041.18368549442
"6","I(P(Y>0)>=0.25) * (S1: SL.xgboost_All + S2: SL.rf.caret1_All)",219367121.13825,2.1936712113825,0.976941983614726,0.14227428810352,1.16589558819388,6033.94018187287
"7","I(P(Y>0)>=0.5) * (S1: SL.xgboost_All + S2: SL.rf.caret1_All)",219406666.116367,2.19406666116367,0.977118095463957,0.142119667190724,1.16462851567871,5987.13176621756
"8","S1: SL.glm_All + S2: SL.rf.caret1_All",219501663.345881,2.19501663345881,0.977541161515774,0.141748227907163,1.16158468092995,6039.24956830422
"9","I(P(Y>0)>=0.25) * (S1: SL.glm_All + S2: SL.rf.caret1_All)",219506951.030296,2.19506951030296,0.977564709989561,0.141727553054632,1.16141525664623,6034.83888729567
"10","S1: SL.glmnet_All + S2: SL.rf.caret1_All",219530123.991878,2.19530123991878,0.977667909771444,0.141636946746511,1.16067276482773,6038.68187745061
"11","I(P(Y>0)>=0.25) * (S1: SL.glmnet_All + S2: SL.rf.caret1_All)",219535614.74437,2.1953561474437,0.977692362600124,0.141615477897553,1.16049683397882,6034.72720801065
"12","I(P(Y>0)>=0.5) * (S1: SL.glm_All + S2: SL.rf.caret1_All)",219545420.104613,2.19545420104613,0.977736030347763,0.141577138927012,1.16018265748772,5997.13404336987
"13","I(P(Y>0)>=0.5) * (S1: SL.glmnet_All + S2: SL.rf.caret1_All)",219579573.783878,2.19579573783878,0.977888132280793,0.141443597999324,1.15908832919756,5997.92121053909
"14","One-stage Super Learner",223809972.638912,2.23809972638912,0.996728030563972,0.124902733303136,1.0235408495281,6075.64220690886
"15","S1: SL.ipredbagg_All + S2: SL.rf.caret1_All",223920860.245993,2.23920860245993,0.99722186372483,0.124469162623853,1.01998786642143,6046.87926099964
"16","I(P(Y>0)>=0.25) * (S1: SL.ipredbagg_All + S2: SL.rf.caret1_All)",223920860.245993,2.23920860245993,0.99722186372483,0.124469162623853,1.01998786642143,6046.87926099964
"17","I(P(Y>0)>=0.5) * (S1: SL.ipredbagg_All + S2: SL.rf.caret1_All)",223936498.381104,2.23936498381104,0.997291507483002,0.124408017496446,1.01948680023981,6019.12194745811
"18","S1: SL.ksvm_All + S2: SL.rf.caret1_All",224000434.086037,2.24000434086037,0.997576242378902,0.124158028811976,1.0174382171247,6039.32920028583
"19","I(P(Y>0)>=0.25) * (S1: SL.ksvm_All + S2: SL.rf.caret1_All)",224017679.643824,2.24017679643824,0.997653044724418,0.124090598659943,1.0168856470306,6026.87719411731
"20","I(P(Y>0)>=0.5) * (S1: SL.ksvm_All + S2: SL.rf.caret1_All)",224041945.24657,2.2404194524657,0.997761110536459,0.123995720123531,1.01610814556851,6020.47772993127
"21","Two-stage Super Learner",224472869.440444,2.24472869440444,0.999680212791009,0.122310805998543,1.00230077411023,6117.36692872359
"22","Two-stage Super Leaner + Indicator",224544675.955662,2.24544675955662,1,0.122030042436236,1,6166.18254029985
"23","I(P(Y>0)>=0.5) * (S1: SL.ranger_All + S2: SL.glmnet_All)",225622925.738375,2.25622925738375,1.00480193875951,0.117814084467325,0.96545147502416,6038.85396408122
"24","S1: SL.ranger_All + S2: SL.glmnet_All",225636330.361423,2.25636330361423,1.00486163566834,0.117761672374815,0.965021973473036,6076.48364078165
"25","I(P(Y>0)>=0.25) * (S1: SL.ranger_All + S2: SL.glmnet_All)",225637248.495561,2.25637248495561,1.004865724539,0.117758082469214,0.964992555261512,6074.65107480872
"26","Single: SL.zip_All",225714534.113711,2.25714534113711,1.00520991269586,0.11745589560774,0.962516223569401,6106.0820256211
"27","Discrete two-stage Learner",225714534.113711,2.25714534113711,1.00520991269586,0.11745589560774,0.962516223569401,6106.0820256211
"28","Discrete two-stage Leaner + Indicator",225714534.113711,2.25714534113711,1.00520991269586,0.11745589560774,0.962516223569401,6106.0820256211
"29","S1: SL.xgboost_All + S2: SL.glmnet_All",225879105.195166,2.25879105195166,1.00594282288736,0.116812422478012,0.957243152144683,6120.54571667523
"30","I(P(Y>0)>=0.25) * (S1: SL.xgboost_All + S2: SL.glmnet_All)",225879474.324946,2.25879474324946,1.00594446679087,0.116810979180118,0.957231324746568,6117.47571306943
"31","I(P(Y>0)>=0.5) * (S1: SL.xgboost_All + S2: SL.glmnet_All)",225928912.759873,2.25928912759873,1.00616463872198,0.116617674839102,0.955647253011795,6089.73247093299
"32","S1: SL.glm_All + S2: SL.glmnet_All",226023351.549126,2.26023351549126,1.00658521778426,0.116248419057638,0.952621311415024,6121.25124663251
"33","I(P(Y>0)>=0.25) * (S1: SL.glm_All + S2: SL.glmnet_All)",226024359.836972,2.26024359836972,1.00658970815056,0.116244476650928,0.95258900456147,6119.4753602979
"34","S1: SL.glmnet_All + S2: SL.glmnet_All",226033207.902236,2.26033207902236,1.00662911262642,0.116209880704929,0.952305501046203,6119.12676371343
"35","I(P(Y>0)>=0.25) * (S1: SL.glmnet_All + S2: SL.glmnet_All)",226034175.137582,2.26034175137582,1.0066334201672,0.116206098813541,0.952274509568097,6117.43479299575
"36","I(P(Y>0)>=0.5) * (S1: SL.glm_All + S2: SL.glmnet_All)",226058935.320038,2.26058935320038,1.00674368856857,0.116109286469862,0.951481161129087,6103.10593120256
"37","I(P(Y>0)>=0.5) * (S1: SL.glmnet_All + S2: SL.glmnet_All)",226069935.867632,2.26069935867632,1.00679267903137,0.116066274315318,0.951128689281295,6101.67756979547
"38","Single: SL.lm_All",226378306.324737,2.26378306324737,1.00816599352121,0.114860545450956,0.941248098893137,6171.20241966818
"39","Single: SL.glmnet_All",226389301.983897,2.26389301983897,1.00821496221357,0.114817552410196,0.940895783677132,6170.35492689744
"40","S1: SL.ranger_All + S2: SL.gammaLogGLM_All",226493575.080855,2.26493575080855,1.00867933793976,0.114409844473584,0.937554738074976,6118.27079011995
"41","I(P(Y>0)>=0.5) * (S1: SL.ranger_All + S2: SL.gammaLogGLM_All)",226495237.031002,2.26495237031002,1.00868673936284,0.114403346246476,0.937501487031399,6075.7865406815
"42","I(P(Y>0)>=0.25) * (S1: SL.ranger_All + S2: SL.gammaLogGLM_All)",226496036.869653,2.26496036869653,1.00869030140967,0.114400218876372,0.937475859161068,6114.17237565349
"43","S1: SL.xgboost_All + S2: SL.gammaLogGLM_All",226638488.596331,2.26638488596331,1.00932470401161,0.113843232450867,0.932911520622906,6152.97221438783
"44","I(P(Y>0)>=0.25) * (S1: SL.xgboost_All + S2: SL.gammaLogGLM_All)",226641373.073238,2.26641373073238,1.00933754990473,0.113831954142635,0.93281909823243,6148.20451912746
"45","I(P(Y>0)>=0.5) * (S1: SL.xgboost_All + S2: SL.gammaLogGLM_All)",226695923.963864,2.26695923963864,1.00958048993612,0.11361866009358,0.931071216769831,6115.30880897751
"46","I(P(Y>0)>=0.5) * (S1: SL.ranger_All + S2: SL.gammaIdentityGLM_All)",226818605.068261,2.26818605068261,1.01012684492706,0.113138976825372,0.927140354675282,6047.89650030609
"47","S1: SL.glm_All + S2: SL.gammaLogGLM_All",226821501.085428,2.26821501085428,1.01013974221422,0.113127653394708,0.927047562519862,6154.41432593375
"48","Single: SL.zinb_All",226825615.823519,2.26825615823519,1.0101580670223,0.11311156476374,0.926915720961446,6154.62914115472
"49","I(P(Y>0)>=0.25) * (S1: SL.glm_All + S2: SL.gammaLogGLM_All)",226826235.52311,2.2682623552311,1.01016082682762,0.113109141737581,0.926895864980821,6151.77918385434
"50","S1: SL.ranger_All + S2: SL.gammaIdentityGLM_All",226828058.179451,2.26828058179451,1.01016894394878,0.113102015149059,0.926837464701842,6086.54853164337
"51","I(P(Y>0)>=0.25) * (S1: SL.ranger_All + S2: SL.gammaIdentityGLM_All)",226829469.65676,2.2682946965676,1.01017522990191,0.113096496271056,0.926792239133669,6083.72085239137
"52","S1: SL.glmnet_All + S2: SL.gammaLogGLM_All",226835960.823506,2.26835960823506,1.01020413803219,0.113071115801143,0.926584253711341,6153.15678071353
"53","I(P(Y>0)>=0.25) * (S1: SL.glmnet_All + S2: SL.gammaLogGLM_All)",226840788.460806,2.26840788460806,1.01022563770605,0.113052239733395,0.926429569935351,6150.84454402381
"54","I(P(Y>0)>=0.5) * (S1: SL.glm_All + S2: SL.gammaLogGLM_All)",226861543.763334,2.26861543763334,1.01031807054793,0.11297108647513,0.925764543056355,6126.84983205066
"55","I(P(Y>0)>=0.5) * (S1: SL.glmnet_All + S2: SL.gammaLogGLM_All)",226876886.664268,2.26876886664268,1.01038639949346,0.112911095713719,0.925272936561648,6126.3110757382
"56","S1: SL.ranger_All + S2: SL.wangZhou_All",226878655.421102,2.26878655421102,1.0103942765755,0.112904179872334,0.925216263292946,6112.33757963687
"57","I(P(Y>0)>=0.5) * (S1: SL.ranger_All + S2: SL.wangZhou_All)",226880216.018844,2.26880216018844,1.01040122663004,0.112898077933253,0.925166259712192,6065.74252985543
"58","I(P(Y>0)>=0.25) * (S1: SL.ranger_All + S2: SL.wangZhou_All)",226881308.839855,2.26881308839855,1.01040609346113,0.112893805001763,0.925131244306115,6107.44428133484
"59","S1: SL.xgboost_All + S2: SL.wangZhou_All",226995307.517731,2.26995307517731,1.01091378164118,0.112448070031871,0.92147857844619,6146.47931912833
"60","I(P(Y>0)>=0.25) * (S1: SL.xgboost_All + S2: SL.wangZhou_All)",226998288.218759,2.26998288218759,1.01092705606425,0.112436415487207,0.921383072909755,6140.86135917536
"61","S1: SL.xgboost_All + S2: SL.gammaIdentityGLM_All",227046407.916506,2.27046407916506,1.01114135505639,0.112248267410172,0.919841255228803,6128.39718067642
"62","I(P(Y>0)>=0.25) * (S1: SL.xgboost_All + S2: SL.gammaIdentityGLM_All)",227048342.608589,2.27048342608589,1.01114997112388,0.112240702761762,0.919779265178987,6124.7038724077
"63","I(P(Y>0)>=0.5) * (S1: SL.xgboost_All + S2: SL.wangZhou_All)",227052485.977211,2.27052485977211,1.01116842343679,0.112224502185383,0.919646506261138,6104.4411541505
"64","I(P(Y>0)>=0.5) * (S1: SL.xgboost_All + S2: SL.gammaIdentityGLM_All)",227092635.225434,2.27092635225434,1.01134722637679,0.112067518575738,0.91836007214614,6095.0398233874
"65","S1: SL.glm_All + S2: SL.wangZhou_All",227185853.632758,2.27185853632758,1.01176237052095,0.111703034489112,0.915373233173128,6147.88321610423
"66","I(P(Y>0)>=0.25) * (S1: SL.glm_All + S2: SL.wangZhou_All)",227191313.466271,2.27191313466271,1.01178668565329,0.1116816865334,0.915198293008515,6144.64017037309
"67","S1: SL.glmnet_All + S2: SL.wangZhou_All",227201974.896836,2.27201974896836,1.01183416587307,0.111640000326853,0.914856686911236,6146.71810303119
"68","S1: SL.glm_All + S2: SL.gammaIdentityGLM_All",227204294.088738,2.27204294088738,1.01184449429387,0.111630932283681,0.914782376987295,6129.15973845795
"69","I(P(Y>0)>=0.25) * (S1: SL.glm_All + S2: SL.gammaIdentityGLM_All)",227206402.437036,2.27206402437036,1.0118538837318,0.111622688639258,0.91471482276656,6127.72608648838
"70","I(P(Y>0)>=0.25) * (S1: SL.glmnet_All + S2: SL.wangZhou_All)",227207567.936541,2.27207567936541,1.01185907423343,0.111618131534769,0.914677478647049,6143.85046389678
"71","S1: SL.glmnet_All + S2: SL.gammaIdentityGLM_All",227212619.836264,2.27212619836264,1.01188157265029,0.111598378600672,0.914515609211439,6127.03911019757
"72","I(P(Y>0)>=0.25) * (S1: SL.glmnet_All + S2: SL.gammaIdentityGLM_All)",227214768.364308,2.27214768364308,1.01189114102698,0.111589977853393,0.9144467675794,6125.84827004208
"73","I(P(Y>0)>=0.5) * (S1: SL.glm_All + S2: SL.wangZhou_All)",227227561.293134,2.27227561293134,1.01194811378205,0.11153995748604,0.914036865506477,6116.09461655717
"74","I(P(Y>0)>=0.5) * (S1: SL.glm_All + S2: SL.gammaIdentityGLM_All)",227235276.613813,2.27235276613813,1.01198247362891,0.11150979057275,0.913789656600476,6106.48211304987
"75","I(P(Y>0)>=0.5) * (S1: SL.glmnet_All + S2: SL.gammaIdentityGLM_All)",227244394.107012,2.27244394107012,1.01202307799043,0.111474141163193,0.913497520263841,6105.06226860127
"76","I(P(Y>0)>=0.5) * (S1: SL.glmnet_All + S2: SL.wangZhou_All)",227244756.645178,2.27244756645178,1.01202469253847,0.11147272363852,0.913485904069627,6115.70839347908
"77","S1: SL.ipredbagg_All + S2: SL.gammaLogGLM_All",228127258.614705,2.28127258614705,1.0159548768805,0.108022139858532,0.885209393539107,6067.55060353271
"78","I(P(Y>0)>=0.25) * (S1: SL.ipredbagg_All + S2: SL.gammaLogGLM_All)",228127258.614705,2.28127258614705,1.0159548768805,0.108022139858532,0.885209393539107,6067.55060353271
"79","I(P(Y>0)>=0.5) * (S1: SL.ipredbagg_All + S2: SL.gammaLogGLM_All)",228140960.383381,2.28140960383381,1.01601589711452,0.107968565926254,0.884770371055724,6050.01450009028
"80","S1: SL.ksvm_All + S2: SL.gammaLogGLM_All",228162498.217722,2.28162498217722,1.01611181492798,0.107884352967644,0.88408027084,6059.05480933022
"81","I(P(Y>0)>=0.25) * (S1: SL.ksvm_All + S2: SL.gammaLogGLM_All)",228171725.637652,2.28171725637652,1.01615290884344,0.107848273744434,0.883784612307967,6051.12792823109
"82","I(P(Y>0)>=0.5) * (S1: SL.ksvm_All + S2: SL.gammaLogGLM_All)",228194609.432197,2.28194609432197,1.01625482083243,0.107758798079779,0.883051385777284,6047.21138288681
"83","Single: SL.tobit_All",228276617.046234,2.28276617046234,1.01662003819369,0.107438148208615,0.880423755197446,5666.39932141381
"84","S1: SL.ipredbagg_All + S2: SL.wangZhou_All",228492712.634992,2.28492712634992,1.01758241054938,0.106593214192325,0.873499771566686,6066.19670280077
"85","I(P(Y>0)>=0.25) * (S1: SL.ipredbagg_All + S2: SL.wangZhou_All)",228492712.634992,2.28492712634992,1.01758241054938,0.106593214192325,0.873499771566686,6066.19670280077
"86","I(P(Y>0)>=0.5) * (S1: SL.ipredbagg_All + S2: SL.wangZhou_All)",228505892.180414,2.28505892180414,1.01764110508474,0.106541682153611,0.873077481795369,6045.31401257566
"87","S1: SL.ksvm_All + S2: SL.wangZhou_All",228540184.563146,2.28540184563146,1.01779382472766,0.106407598895196,0.87197870926577,6057.93595924567
"88","I(P(Y>0)>=0.25) * (S1: SL.ksvm_All + S2: SL.wangZhou_All)",228550246.174242,2.28550246174242,1.01783863367739,0.106368257983506,0.871656322164158,6048.39819095853
"89","I(P(Y>0)>=0.5) * (S1: SL.ksvm_All + S2: SL.wangZhou_All)",228575803.252133,2.28575803252133,1.01795245101811,0.106268329777699,0.870837440159272,6043.86770762211
"90","S1: SL.ipredbagg_All + S2: SL.glmnet_All",229086306.47088,2.2908630647088,1.02022595501714,0.104272261568147,0.854480253275598,6049.45106039426
"91","I(P(Y>0)>=0.25) * (S1: SL.ipredbagg_All + S2: SL.glmnet_All)",229086306.47088,2.2908630647088,1.02022595501714,0.104272261568147,0.854480253275598,6049.45106039426
"92","I(P(Y>0)>=0.5) * (S1: SL.ipredbagg_All + S2: SL.glmnet_All)",229093896.459143,2.29093896459143,1.02025975670151,0.104242584704758,0.854237060183169,6038.55043529751
"93","S1: SL.ksvm_All + S2: SL.glmnet_All",229155910.506088,2.29155910506088,1.0205359335767,0.10400010970537,0.852250049488535,6047.20213026338
"94","I(P(Y>0)>=0.25) * (S1: SL.ksvm_All + S2: SL.glmnet_All)",229160812.697844,2.29160812697844,1.0205577652756,0.103980942129612,0.852092976890874,6042.65155356851
"95","I(P(Y>0)>=0.5) * (S1: SL.ksvm_All + S2: SL.glmnet_All)",229187961.909019,2.29187961909019,1.02067867311303,0.103874788680718,0.851223080865476,6039.65557383385
"96","I(P(Y>0)>=0.5) * (S1: SL.ranger_All + S2: SL.xgboost_All)",229750339.273444,2.29750339273444,1.02318319637563,0.101675892498131,0.833203778907639,6278.91399542573
"97","Single: SL.tweedie_All",229765162.417221,2.29765162417221,1.02324921060516,0.101617933987836,0.832728826107994,6210.68137931529
"98","I(P(Y>0)>=0.25) * (S1: SL.ranger_All + S2: SL.xgboost_All)",229873266.665625,2.29873266665625,1.02373064819856,0.101195246244386,0.829265025432264,6329.80002492841
"99","S1: SL.ranger_All + S2: SL.xgboost_All",229873492.855565,2.29873492855565,1.02373165552567,0.101194361841442,0.829257778012484,6338.09150208961
"100","S1: SL.ipredbagg_All + S2: SL.gammaIdentityGLM_All",230192167.486475,2.30192167486475,1.02515085920776,0.0999483436449048,0.81904702849817,6059.46401810573
"101","I(P(Y>0)>=0.25) * (S1: SL.ipredbagg_All + S2: SL.gammaIdentityGLM_All)",230192167.486475,2.30192167486475,1.02515085920776,0.0999483436449048,0.81904702849817,6059.46401810573
"102","I(P(Y>0)>=0.5) * (S1: SL.ipredbagg_All + S2: SL.gammaIdentityGLM_All)",230200312.255401,2.30200312255401,1.02518713158381,0.0999164975884445,0.818786059511971,6045.51145991756
"103","S1: SL.ksvm_All + S2: SL.gammaIdentityGLM_All",230303821.733517,2.30303821733517,1.02564810656652,0.0995117754024378,0.815469481250367,6060.84718348975
"104","I(P(Y>0)>=0.25) * (S1: SL.ksvm_All + S2: SL.gammaIdentityGLM_All)",230310002.051859,2.30310002051859,1.02567563034688,0.0994876103501616,0.815271455815042,6054.93406452678
"105","I(P(Y>0)>=0.5) * (S1: SL.ksvm_All + S2: SL.gammaIdentityGLM_All)",230327098.481712,2.30327098481712,1.0257517685576,0.0994207632885314,0.814723663973823,6051.35208810129
"106","I(P(Y>0)>=0.5) * (S1: SL.glm_All + S2: SL.xgboost_All)",230600958.44019,2.3060095844019,1.02697139203481,0.0983499705160015,0.805948834832143,6326.34271557279
"107","I(P(Y>0)>=0.5) * (S1: SL.glmnet_All + S2: SL.xgboost_All)",230620361.146389,2.30620361146389,1.02705780114745,0.0982741059110368,0.805327146898171,6326.56732273347
"108","S1: SL.glm_All + S2: SL.xgboost_All",230677524.892167,2.30677524892167,1.02731237741623,0.098050595595145,0.80349554615929,6373.82982645753
"109","I(P(Y>0)>=0.25) * (S1: SL.glm_All + S2: SL.xgboost_All)",230684073.079216,2.30684073079216,1.02734153948396,0.0980249921757764,0.803285733732306,6366.9301734687
"110","S1: SL.glmnet_All + S2: SL.xgboost_All",230686118.260249,2.30686118260249,1.02735064760921,0.0980169955154385,0.803220203472886,6372.66529745384
"111","I(P(Y>0)>=0.25) * (S1: SL.glmnet_All + S2: SL.xgboost_All)",230694072.049767,2.30694072049767,1.02738606946673,0.0979858961886961,0.802965353715224,6366.39984829346
"112","S1: SL.xgboost_All + S2: SL.gilleskie_All",230946194.576514,2.30946194576514,1.02850888623214,0.0970000968008161,0.794887020149167,5572.99951310392
"113","S1: SL.ksvm_All + S2: SL.coxph_All",230946216.501232,2.30946216501232,1.02850898387292,0.0970000110751413,0.794886317652691,6197.63955211371
"114","I(P(Y>0)>=0.25) * (S1: SL.xgboost_All + S2: SL.gilleskie_All)",230948301.905299,2.30948301905299,1.02851827112972,0.0969918571426881,0.794819498594937,5570.2069482941
"115","I(P(Y>0)>=0.25) * (S1: SL.ksvm_All + S2: SL.coxph_All)",230953025.333707,2.30953025333707,1.02853930671378,0.0969733885318388,0.79466815380737,6193.10340309882
"116","S1: SL.ipredbagg_All + S2: SL.coxph_All",230961317.065314,2.30961317065314,1.02857623358177,0.0969409678511162,0.794402475945793,6207.68290567146
"117","I(P(Y>0)>=0.25) * (S1: SL.ipredbagg_All + S2: SL.coxph_All)",230961317.065314,2.30961317065314,1.02857623358177,0.0969409678511162,0.794402475945793,6207.68290567146
"118","S1: SL.ranger_All + S2: SL.gilleskie_All",230966641.447021,2.30966641447021,1.02859994548536,0.0969201495121318,0.794231875833159,5545.71668946555
"119","I(P(Y>0)>=0.25) * (S1: SL.ranger_All + S2: SL.gilleskie_All)",230968632.903117,2.30968632903117,1.02860881434893,0.0969123629163594,0.794168066990541,5543.23803904646
"120","I(P(Y>0)>=0.5) * (S1: SL.ksvm_All + S2: SL.coxph_All)",230969401.904786,2.30969401904786,1.02861223906459,0.0969093561188925,0.794143427177206,6190.78212461963
"121","I(P(Y>0)>=0.5) * (S1: SL.ipredbagg_All + S2: SL.coxph_All)",230974018.688485,2.30974018688485,1.02863279971106,0.0968913044889851,0.793995499424769,6197.73591494719
"122","I(P(Y>0)>=0.5) * (S1: SL.ranger_All + S2: SL.gilleskie_All)",230980499.163126,2.30980499163126,1.02866166022451,0.0968659658252136,0.793787856591368,5520.83665725576
"123","I(P(Y>0)>=0.5) * (S1: SL.xgboost_All + S2: SL.gilleskie_All)",231000166.979278,2.31000166979278,1.02874924999287,0.09678906464001,0.793157674189819,5553.66099675455
"124","S1: SL.glm_All + S2: SL.gilleskie_All",231097856.96875,2.3109785696875,1.02918430813466,0.0964070966617168,0.790027559910847,5570.47687773937
"125","I(P(Y>0)>=0.25) * (S1: SL.glm_All + S2: SL.gilleskie_All)",231100715.397268,2.31100715397268,1.02919703802241,0.0963959202027148,0.789935972144598,5568.89369423004
"126","S1: SL.glmnet_All + S2: SL.gilleskie_All",231125236.100222,2.31125236100222,1.02930623991219,0.0963000442241816,0.789150296940205,5569.7899443318
"127","I(P(Y>0)>=0.25) * (S1: SL.glmnet_All + S2: SL.gilleskie_All)",231128143.281021,2.31128143281021,1.0293191869161,0.0962886771437044,0.789057147087511,5568.4324648116
"128","I(P(Y>0)>=0.5) * (S1: SL.glm_All + S2: SL.gilleskie_All)",231133561.393961,2.31133561393961,1.02934331624768,0.0962674923154802,0.788883543704268,5553.88522596066
"129","I(P(Y>0)>=0.5) * (S1: SL.glmnet_All + S2: SL.gilleskie_All)",231161295.694318,2.31161295694318,1.02946682975446,0.0961590511671703,0.78799490066076,5553.60506110313
"130","I(P(Y>0)>=0.5) * (S1: SL.xgboost_All + S2: SL.xgboost_All)",231186893.829527,2.31186893829527,1.02958082994218,0.0960589624272036,0.787174703126051,6328.65993038763
"131","S1: SL.xgboost_All + S2: SL.xgboost_All",231437529.543025,2.31437529543025,1.03069702524911,0.0950789764809427,0.779144008989621,6386.8232895436
"132","I(P(Y>0)>=0.25) * (S1: SL.xgboost_All + S2: SL.xgboost_All)",231447466.505797,2.31447466505797,1.03074127908291,0.0950401229443538,0.778825615782398,6377.74362116564
"133","I(P(Y>0)>=0.5) * (S1: SL.ranger_All + S2: SL.ipredbagg_All)",231810707.850122,2.31810707850122,1.03235895869513,0.0936198488438679,0.767186890824746,6285.90745905002
"134","I(P(Y>0)>=0.25) * (S1: SL.ranger_All + S2: SL.ipredbagg_All)",231878335.377065,2.31878335377065,1.03266013496063,0.0933554251308216,0.765020016932324,6363.67815222669
"135","S1: SL.ranger_All + S2: SL.ipredbagg_All",231880030.951416,2.31880030951416,1.03266768612765,0.0933487954330361,0.764965688525539,6376.02891266577
"136","I(P(Y>0)>=0.25) * (S1: SL.xgboost_All + S2: SL.ipredbagg_All)",232106319.485259,2.32106319485259,1.03367545232331,0.0924640069890029,0.757715109681436,6392.19021720112
"137","S1: SL.xgboost_All + S2: SL.ipredbagg_All",232106409.323207,2.32106409323207,1.03367585241272,0.0924636557225142,0.757712231156757,6405.32824409118
"138","I(P(Y>0)>=0.5) * (S1: SL.xgboost_All + S2: SL.ipredbagg_All)",232110958.794941,2.32110958794941,1.03369611328827,0.0924458672824713,0.757566460167189,6317.37201283594
"139","I(P(Y>0)>=0.5) * (S1: SL.glm_All + S2: SL.ipredbagg_All)",232113549.83211,2.3211354983211,1.0337076523602,0.0924357363239741,0.75748343996745,6327.07656694311
"140","S1: SL.glm_All + S2: SL.ipredbagg_All",232116809.032409,2.32116809032409,1.03372216706774,0.0924229928468169,0.757379010952244,6401.36752209616
"141","I(P(Y>0)>=0.25) * (S1: SL.glm_All + S2: SL.ipredbagg_All)",232122466.105474,2.32122466105474,1.03374736059789,0.0924008736842152,0.757197750975929,6392.2117572717
"142","I(P(Y>0)>=0.5) * (S1: SL.glmnet_All + S2: SL.ipredbagg_All)",232132763.937584,2.32132763937584,1.03379322154768,0.0923606091480729,0.75686779504591,6328.45394578064
"143","S1: SL.glmnet_All + S2: SL.ipredbagg_All",232132856.796205,2.32132856796205,1.03379363508954,0.0923602460707504,0.756864819734952,6401.29639235711
"144","I(P(Y>0)>=0.25) * (S1: SL.glmnet_All + S2: SL.ipredbagg_All)",232139424.521089,2.32139424521089,1.03382288416817,0.0923345662584263,0.756654381290357,6393.03519071338
"145","Single: SL.ipredbagg_All",234129128.014677,2.34129128014676,1.04268394259727,0.0845548231654535,0.692901694348222,6538.88348277551
"146","I(P(Y>0)>=0.5) * (S1: SL.ipredbagg_All + S2: SL.xgboost_All)",234142837.187585,2.34142837187585,1.04274499580573,0.0845012202826184,0.692462434623609,6297.24763381572
"147","S1: SL.ipredbagg_All + S2: SL.xgboost_All",234178078.029758,2.34178078029758,1.04290193937174,0.0843634285466266,0.691333272220311,6329.35730951622
"148","I(P(Y>0)>=0.25) * (S1: SL.ipredbagg_All + S2: SL.xgboost_All)",234178078.029758,2.34178078029758,1.04290193937174,0.0843634285466266,0.691333272220311,6329.35730951622
"149","I(P(Y>0)>=0.5) * (S1: SL.ksvm_All + S2: SL.xgboost_All)",234382325.604326,2.34382325604326,1.04381154710881,0.083564820280311,0.684788914368982,6302.7213695366
"150","S1: SL.ksvm_All + S2: SL.xgboost_All",234396432.0656,2.343964320656,1.04387436962381,0.083509663999479,0.684336925008569,6324.641991338
"151","I(P(Y>0)>=0.25) * (S1: SL.ksvm_All + S2: SL.xgboost_All)",234401675.727737,2.34401675727737,1.04389772204629,0.0834891612741102,0.684168911255894,6309.59206155306
"152","Single: SL.xgboost_All",234978847.001265,2.34978847001265,1.04646812934306,0.081232420888843,0.665675593215408,6478.54972861567
"153","S1: SL.ipredbagg_All + S2: SL.gilleskie_All",235209960.084064,2.35209960084064,1.04749738145877,0.080328768452488,0.658270429549854,5563.58943870699
"154","I(P(Y>0)>=0.25) * (S1: SL.ipredbagg_All + S2: SL.gilleskie_All)",235209960.084064,2.35209960084064,1.04749738145877,0.080328768452488,0.658270429549854,5563.58943870699
"155","I(P(Y>0)>=0.5) * (S1: SL.ipredbagg_All + S2: SL.gilleskie_All)",235220858.502934,2.35220858502934,1.04754591709572,0.0802861556213805,0.657921230039169,5553.13444593489
"156","S1: SL.ksvm_All + S2: SL.gilleskie_All",235293050.331146,2.35293050331146,1.04786742027946,0.0800038854847926,0.655608109999607,5563.53144632433
"157","I(P(Y>0)>=0.25) * (S1: SL.ksvm_All + S2: SL.gilleskie_All)",235299473.935278,2.35299473935278,1.04789602752256,0.0799787691847809,0.655402289371257,5558.85818288331
"158","I(P(Y>0)>=0.5) * (S1: SL.ksvm_All + S2: SL.gilleskie_All)",235317469.657896,2.35317469657896,1.0479761706947,0.0799084058873391,0.654825683020583,5556.32166174666
"159","S1: SL.ranger_All + S2: SL.coxph_All",235384936.558508,2.35384936558508,1.04827663161778,0.079644610223448,0.65266395580469,6393.34813977156
"160","I(P(Y>0)>=0.25) * (S1: SL.ranger_All + S2: SL.coxph_All)",235386888.888157,2.35386888888157,1.04828532623342,0.0796369766121322,0.652601400624314,6390.95708524283
"161","I(P(Y>0)>=0.5) * (S1: SL.ranger_All + S2: SL.coxph_All)",235396036.199377,2.35396036199377,1.0483260633882,0.0796012106140775,0.652308308879522,6366.24288977125
"162","S1: SL.xgboost_All + S2: SL.coxph_All",235629974.402714,2.35629974402714,1.049367897056,0.0786865119529644,0.644812624678715,6429.43388172038
"163","I(P(Y>0)>=0.25) * (S1: SL.xgboost_All + S2: SL.coxph_All)",235632439.47517,2.3563243947517,1.04937887514954,0.0786768735166489,0.644733640552158,6426.73912574894
"164","I(P(Y>0)>=0.5) * (S1: SL.xgboost_All + S2: SL.coxph_All)",235686943.182692,2.35686943182692,1.04962160505302,0.0784637639535901,0.64298727089757,6407.15740643476
"165","S1: SL.glm_All + S2: SL.coxph_All",235900891.462677,2.35900891462677,1.05057441446199,0.0776272259172279,0.636132089831815,6433.52462268023
"166","S1: SL.glmnet_All + S2: SL.coxph_All",235902260.085593,2.35902260085593,1.05058050956494,0.0776218745999523,0.636088237374102,6431.90104767569
"167","I(P(Y>0)>=0.25) * (S1: SL.glm_All + S2: SL.coxph_All)",235904130.052708,2.35904130052708,1.05058883738259,0.0776145630262458,0.636028321196409,6432.00703767906
"168","I(P(Y>0)>=0.25) * (S1: SL.glmnet_All + S2: SL.coxph_All)",235905521.181211,2.35905521181211,1.05059503271319,0.0776091237120986,0.635983747630436,6430.57476059346
"169","I(P(Y>0)>=0.5) * (S1: SL.glm_All + S2: SL.coxph_All)",235935221.494581,2.35935221494581,1.05072730177387,0.0774929954505047,0.635032110973794,6417.26867661005
"170","I(P(Y>0)>=0.5) * (S1: SL.glmnet_All + S2: SL.coxph_All)",235936928.872597,2.35936928872597,1.050734905508,0.0774863196003727,0.634977404362219,6416.11743379149
"171","I(P(Y>0)>=0.5) * (S1: SL.ipredbagg_All + S2: SL.ipredbagg_All)",235964705.792388,2.35964705792388,1.05085860881859,0.0773777118100267,0.634087395736657,6401.71085861417
"172","S1: SL.ksvm_All + S2: SL.gengamma_All",235988141.185596,2.35988141185596,1.05096297732837,0.0772860793939241,0.633336495267614,6349.63343139338
"173","S1: SL.ipredbagg_All + S2: SL.ipredbagg_All",235989051.770832,2.35989051770832,1.05096703258032,0.0772825190045398,0.633307318932728,6452.54924091203
"174","I(P(Y>0)>=0.25) * (S1: SL.ipredbagg_All + S2: SL.ipredbagg_All)",235989051.770832,2.35989051770832,1.05096703258032,0.0772825190045398,0.633307318932728,6452.54924091203
"175","I(P(Y>0)>=0.25) * (S1: SL.ksvm_All + S2: SL.gengamma_All)",235994228.201287,2.35994228201287,1.05099008558941,0.0772622791551298,0.633141459370559,6345.84914455748
"176","S1: SL.ipredbagg_All + S2: SL.gengamma_All",236004191.801166,2.36004191801166,1.05103445805042,0.0772233214674182,0.632822212675779,6360.35713373392
"177","I(P(Y>0)>=0.25) * (S1: SL.ipredbagg_All + S2: SL.gengamma_All)",236004191.801166,2.36004191801166,1.05103445805042,0.0772233214674182,0.632822212675779,6360.35713373392
"178","I(P(Y>0)>=0.5) * (S1: SL.ksvm_All + S2: SL.gengamma_All)",236009872.277771,2.36009872277771,1.05105975580723,0.0772011107969468,0.632640202819616,6343.71434476161
"179","I(P(Y>0)>=0.5) * (S1: SL.ipredbagg_All + S2: SL.gengamma_All)",236016059.097841,2.36016059097841,1.05108730854275,0.0771769203229101,0.632441969060505,6351.890586593
"180","S1: SL.ksvm_All + S2: SL.ipredbagg_All",236099961.446431,2.36099961446431,1.05146096402237,0.0768488620373226,0.629753628722026,6444.79276299995
"181","I(P(Y>0)>=0.25) * (S1: SL.ksvm_All + S2: SL.ipredbagg_All)",236106809.611214,2.36106809611214,1.05149146202796,0.076822085704649,0.629534204618428,6421.15642659516
"182","I(P(Y>0)>=0.5) * (S1: SL.ksvm_All + S2: SL.ipredbagg_All)",236138307.367951,2.36138307367951,1.05163173592492,0.0766989294372905,0.628524975539263,6410.70381336234
"183","S1: SL.ksvm_All + S2: SL.logOLS.smear_All",238961681.531884,2.38961681531884,1.06420551061771,0.065659533003843,0.538060396382733,6526.57555440676
"184","S1: SL.ksvm_All + S2: SL.manningGLM_All",238961681.531884,2.38961681531884,1.06420551061771,0.065659533003843,0.538060396382733,6526.57555440676
"185","I(P(Y>0)>=0.25) * (S1: SL.ksvm_All + S2: SL.logOLS.smear_All)",238967924.803639,2.38967924803639,1.06423331475838,0.0656351218036451,0.537860353838204,6522.63168986539
"186","I(P(Y>0)>=0.25) * (S1: SL.ksvm_All + S2: SL.manningGLM_All)",238967924.803639,2.38967924803639,1.06423331475838,0.0656351218036451,0.537860353838204,6522.63168986539
"187","I(P(Y>0)>=0.5) * (S1: SL.ksvm_All + S2: SL.logOLS.smear_All)",238984044.655782,2.38984044655782,1.06430510382251,0.0655720931620544,0.537343852816551,6520.38360824102
"188","I(P(Y>0)>=0.5) * (S1: SL.ksvm_All + S2: SL.manningGLM_All)",238984044.655782,2.38984044655782,1.06430510382251,0.0655720931620544,0.537343852816551,6520.38360824102
"189","S1: SL.ipredbagg_All + S2: SL.logOLS.smear_All",239000536.689741,2.39000536689741,1.06437855038226,0.0655076092891075,0.536815426605599,6538.38158681437
"190","S1: SL.ipredbagg_All + S2: SL.manningGLM_All",239000536.689741,2.39000536689741,1.06437855038226,0.0655076092891075,0.536815426605599,6538.38158681437
"191","I(P(Y>0)>=0.25) * (S1: SL.ipredbagg_All + S2: SL.logOLS.smear_All)",239000536.689741,2.39000536689741,1.06437855038226,0.0655076092891075,0.536815426605599,6538.38158681437
"192","I(P(Y>0)>=0.25) * (S1: SL.ipredbagg_All + S2: SL.manningGLM_All)",239000536.689741,2.39000536689741,1.06437855038226,0.0655076092891075,0.536815426605599,6538.38158681437
"193","I(P(Y>0)>=0.5) * (S1: SL.ipredbagg_All + S2: SL.logOLS.smear_All)",239012589.854567,2.39012589854567,1.06443222863036,0.0654604813998987,0.536429227533076,6529.53897535975
"194","I(P(Y>0)>=0.5) * (S1: SL.ipredbagg_All + S2: SL.manningGLM_All)",239012589.854567,2.39012589854567,1.06443222863036,0.0654604813998987,0.536429227533076,6529.53897535975
"195","S1: SL.xgboost_All + S2: SL.ksvm_All",240536979.811878,2.40536979811878,1.0712210333563,0.0595001148027618,0.487585791292765,5264.02021157245
"196","I(P(Y>0)>=0.25) * (S1: SL.xgboost_All + S2: SL.ksvm_All)",240540323.194995,2.40540323194995,1.07123592296836,0.0594870421706856,0.487478664950634,5260.24262499196
"197","I(P(Y>0)>=0.5) * (S1: SL.xgboost_All + S2: SL.ksvm_All)",240588448.477001,2.40588448477001,1.07145024682976,0.0592988722591942,0.485936668342792,5241.29865165231
"198","S1: SL.glm_All + S2: SL.ksvm_All",240703302.38667,2.4070330238667,1.0719617437476,0.0588497933319442,0.482256599744237,5264.68326855576
"199","I(P(Y>0)>=0.25) * (S1: SL.glm_All + S2: SL.ksvm_All)",240707937.585544,2.40707937585544,1.07198238640525,0.0588316696986804,0.482108081945652,5262.03281378478
"200","S1: SL.ranger_All + S2: SL.ksvm_All",240713185.564533,2.40713185564533,1.07200575805264,0.0588111500944148,0.481939929875425,5250.264340662
"201","I(P(Y>0)>=0.25) * (S1: SL.ranger_All + S2: SL.ksvm_All)",240715625.368191,2.40715625368191,1.07201662361268,0.0588016104591271,0.481861755393984,5246.43867009524
"202","I(P(Y>0)>=0.5) * (S1: SL.ranger_All + S2: SL.ksvm_All)",240734721.493018,2.40734721493018,1.07210166737845,0.0587269445877054,0.481249890725817,5223.71615759757
"203","S1: SL.glmnet_All + S2: SL.ksvm_All",240734743.284587,2.40734743284587,1.07210176442626,0.0587268593826413,0.481249192495591,5265.03974769078
"204","I(P(Y>0)>=0.25) * (S1: SL.glmnet_All + S2: SL.ksvm_All)",240739475.03064,2.4073947503064,1.0721228370526,0.0587083582497901,0.481097581199865,5262.70876296809
"205","I(P(Y>0)>=0.5) * (S1: SL.glm_All + S2: SL.ksvm_All)",240740248.107613,2.40740248107613,1.07212627991745,0.0587053355178782,0.481072810808479,5243.53753126332
"206","I(P(Y>0)>=0.5) * (S1: SL.glmnet_All + S2: SL.ksvm_All)",240771946.542777,2.40771946542777,1.0722674475271,0.0585813945976278,0.480057151731616,5244.30305094047
"207","Single: SL.ksvm_All",241031074.671136,2.41031074671136,1.07342146343621,0.0575682032988786,0.471754349581247,5329.51783224015
"208","S1: SL.ranger_All + S2: SL.gengamma_All",243274168.893121,2.43274168893121,1.08341098651191,0.0487977021480194,0.399882694243243,6586.19863082867
"209","I(P(Y>0)>=0.25) * (S1: SL.ranger_All + S2: SL.gengamma_All)",243275935.468874,2.43275935468874,1.0834188538806,0.0487907948346649,0.399826090859219,6584.20426707647
"210","I(P(Y>0)>=0.5) * (S1: SL.ranger_All + S2: SL.gengamma_All)",243285717.939513,2.43285717939513,1.08346241969038,0.0487525453625074,0.399512647780827,6561.52218004761
"211","S1: SL.xgboost_All + S2: SL.gengamma_All",243544613.005934,2.43544613005934,1.08461539766823,0.0477402653362184,0.391217313237959,6623.53093213924
"212","I(P(Y>0)>=0.25) * (S1: SL.xgboost_All + S2: SL.gengamma_All)",243546860.838714,2.43546860838714,1.08462540829427,0.0477314763072998,0.39114528975306,6621.24194886619
"213","I(P(Y>0)>=0.5) * (S1: SL.xgboost_All + S2: SL.gengamma_All)",243600928.011857,2.43600928011857,1.08486619411078,0.047520073594197,0.389412907227558,6603.46315590668
"214","S1: SL.glmnet_All + S2: SL.gengamma_All",243860521.37352,2.4386052137352,1.08602228191628,0.0465050632326607,0.381095198397237,6626.47891607741
"215","I(P(Y>0)>=0.25) * (S1: SL.glmnet_All + S2: SL.gengamma_All)",243863361.891379,2.43863361891379,1.08603493203968,0.0464939568043556,0.381004184511777,6625.38664450156
"216","S1: SL.glm_All + S2: SL.gengamma_All",243863464.82835,2.4386346482835,1.08603539046503,0.0464935543206755,0.381000886277406,6628.24960831643
"217","I(P(Y>0)>=0.25) * (S1: SL.glm_All + S2: SL.gengamma_All)",243866295.946405,2.43866295946405,1.0860479987268,0.0464824846456189,0.380910173573915,6627.00174067133
"218","I(P(Y>0)>=0.5) * (S1: SL.glmnet_All + S2: SL.gengamma_All)",243893669.204636,2.43893669204635,1.0861699043481,0.0463754551724633,0.380033098789552,6612.73362785376
"219","I(P(Y>0)>=0.5) * (S1: SL.glm_All + S2: SL.gengamma_All)",243896338.409254,2.43896338409253,1.08618179153539,0.046365018579143,0.379947574003098,6614.06209549171
"220","S1: SL.ipredbagg_All + S2: SL.ksvm_All",244988529.431618,2.44988529431618,1.09104581700255,0.0420945503461488,0.344952353582474,5327.53744115861
"221","I(P(Y>0)>=0.25) * (S1: SL.ipredbagg_All + S2: SL.ksvm_All)",244988529.431618,2.44988529431618,1.09104581700255,0.0420945503461488,0.344952353582474,5327.53744115861
"222","I(P(Y>0)>=0.5) * (S1: SL.ipredbagg_All + S2: SL.ksvm_All)",245001297.755399,2.45001297755399,1.09110268018012,0.0420446261845504,0.344543239887176,5313.12716758886
"223","S1: SL.ksvm_All + S2: SL.ksvm_All",245085276.655618,2.45085276655618,1.09147667657911,0.0417162685820048,0.341852446735013,5328.87705318013
"224","I(P(Y>0)>=0.25) * (S1: SL.ksvm_All + S2: SL.ksvm_All)",245093489.7177,2.450934897177,1.09151325309577,0.0416841554992212,0.341589289547304,5321.99087191848
"225","I(P(Y>0)>=0.5) * (S1: SL.ksvm_All + S2: SL.ksvm_All)",245110752.280178,2.45110752280178,1.09159013117094,0.0416166588588236,0.34103617460077,5319.57238883406
"226","S1: SL.ranger_All + S2: SL.logOLS.smear_All",248635946.761037,2.48635946761037,1.10728943228265,0.0278331441279949,0.228084359984865,6800.00541531068
"227","S1: SL.ranger_All + S2: SL.manningGLM_All",248635946.761037,2.48635946761037,1.10728943228265,0.0278331441279949,0.228084359984865,6800.00541531068
"228","I(P(Y>0)>=0.25) * (S1: SL.ranger_All + S2: SL.logOLS.smear_All)",248637755.315732,2.48637755315732,1.10729748660274,0.0278260726769259,0.22802641154096,6797.93250673547
"229","I(P(Y>0)>=0.25) * (S1: SL.ranger_All + S2: SL.manningGLM_All)",248637755.315732,2.48637755315732,1.10729748660274,0.0278260726769259,0.22802641154096,6797.93250673547
"230","I(P(Y>0)>=0.5) * (S1: SL.ranger_All + S2: SL.logOLS.smear_All)",248646325.693254,2.48646325693254,1.10733565440826,0.0277925624903342,0.227751805501965,6774.07875018553
"231","I(P(Y>0)>=0.5) * (S1: SL.ranger_All + S2: SL.manningGLM_All)",248646325.693254,2.48646325693254,1.10733565440826,0.0277925624903342,0.227751805501965,6774.07875018553
"232","S1: SL.xgboost_All + S2: SL.logOLS.smear_All",248992376.311521,2.48992376311521,1.10887677586569,0.0264395041497526,0.216663893758522,6839.77619012476
"233","S1: SL.xgboost_All + S2: SL.manningGLM_All",248992376.311521,2.48992376311521,1.10887677586569,0.0264395041497526,0.216663893758522,6839.77619012476
"234","I(P(Y>0)>=0.25) * (S1: SL.xgboost_All + S2: SL.logOLS.smear_All)",248994655.697691,2.48994655697691,1.10888692701339,0.0264305917470399,0.216590859261977,6837.37435901136
"235","I(P(Y>0)>=0.25) * (S1: SL.xgboost_All + S2: SL.manningGLM_All)",248994655.697691,2.48994655697691,1.10888692701339,0.0264305917470399,0.216590859261977,6837.37435901136
"236","I(P(Y>0)>=0.5) * (S1: SL.xgboost_All + S2: SL.logOLS.smear_All)",249049555.814118,2.49049555814118,1.10913142230678,0.0262159322246788,0.21483178815067,6818.51422476396
"237","I(P(Y>0)>=0.5) * (S1: SL.xgboost_All + S2: SL.manningGLM_All)",249049555.814118,2.49049555814118,1.10913142230678,0.0262159322246788,0.21483178815067,6818.51422476396
"238","S1: SL.glmnet_All + S2: SL.logOLS.smear_All",249333023.384329,2.49333023384329,1.1103938328672,0.0251075736785233,0.205749118637263,6843.55250608974
"239","S1: SL.glmnet_All + S2: SL.manningGLM_All",249333023.384329,2.49333023384329,1.1103938328672,0.0251075736785233,0.205749118637263,6843.55250608974
"240","I(P(Y>0)>=0.25) * (S1: SL.glmnet_All + S2: SL.logOLS.smear_All)",249335949.291943,2.49335949291943,1.11040686327017,0.0250961333761753,0.205655368753057,6842.41751726194
"241","I(P(Y>0)>=0.25) * (S1: SL.glmnet_All + S2: SL.manningGLM_All)",249335949.291943,2.49335949291943,1.11040686327017,0.0250961333761753,0.205655368753057,6842.41751726194
"242","S1: SL.glm_All + S2: SL.logOLS.smear_All",249343591.701526,2.49343591701526,1.11044089841062,0.0250662515453611,0.20541049601338,6845.57100032611
"243","S1: SL.glm_All + S2: SL.manningGLM_All",249343591.701526,2.49343591701526,1.11044089841062,0.0250662515453611,0.20541049601338,6845.57100032611
"244","I(P(Y>0)>=0.25) * (S1: SL.glm_All + S2: SL.logOLS.smear_All)",249346506.383025,2.49346506383025,1.11045387881858,0.0250548551371352,0.205317105828485,6844.27394097278
"245","I(P(Y>0)>=0.25) * (S1: SL.glm_All + S2: SL.manningGLM_All)",249346506.383025,2.49346506383025,1.11045387881858,0.0250548551371352,0.205317105828485,6844.27394097278
"246","I(P(Y>0)>=0.5) * (S1: SL.glmnet_All + S2: SL.logOLS.smear_All)",249366931.658517,2.49366931658517,1.11054484189933,0.0249749922849853,0.20466265344483,6829.13954761399
"247","I(P(Y>0)>=0.5) * (S1: SL.glmnet_All + S2: SL.manningGLM_All)",249366931.658517,2.49366931658517,1.11054484189933,0.0249749922849853,0.20466265344483,6829.13954761399
"248","I(P(Y>0)>=0.5) * (S1: SL.glm_All + S2: SL.logOLS.smear_All)",249377196.833342,2.49377196833342,1.11059055741132,0.0249348554388678,0.204333743896687,6830.69459144282
"249","I(P(Y>0)>=0.5) * (S1: SL.glm_All + S2: SL.manningGLM_All)",249377196.833342,2.49377196833342,1.11059055741132,0.0249348554388678,0.204333743896687,6830.69459144282
"250","Single: SL.mean_All",256265571.200253,2.56265571200253,1.14126763464592,-0.00199869675897579,-0.016378727066494,7196.55324738186
